{
  "entityType" : "RULE_CHAIN",
  "entity" : {
    "additionalInfo" : {
      "description" : "Parsing del meter Eastron Vx3,Ix3,Px3"
    },
    "configuration" : null,
    "debugMode" : false,
    "externalId" : null,
    "firstRuleNodeId" : {
      "entityType" : "RULE_NODE",
      "id" : "31a27820-9820-11ed-a76d-9955dd563d2d"
    },
    "id" : {
      "entityType" : "RULE_CHAIN",
      "id" : "3191d650-9820-11ed-a76d-9955dd563d2d"
    },
    "name" : "Eastronparse",
    "root" : false,
    "type" : "CORE"
  },
  "metaData" : {
    "connections" : [ {
      "fromIndex" : 0,
      "toIndex" : 2,
      "type" : "Failure"
    }, {
      "fromIndex" : 0,
      "toIndex" : 2,
      "type" : "Success"
    }, {
      "fromIndex" : 1,
      "toIndex" : 0,
      "type" : "Success"
    } ],
    "firstNodeIndex" : 1,
    "nodes" : [ {
      "additionalInfo" : {
        "description" : "",
        "layoutX" : 546,
        "layoutY" : 265
      },
      "configuration" : {
        "jsScript" : "/*Decodifica MODBUS da ICON della stringa  presente nel campo conn della risposta json\nIN row=conn\nOutput json output_msg\nEsempi :\n1- row=\"010404435ca4a2d56b\"; //risposta al singolo registro V\n{\"MSG\":\"010404435ca4a2d56b\"}\noutput_msg={\"Nreg\":1,\"Reg1\":220.64}\n2- row=\"01042443606B170000000000000000000000000000000000000000000000000000000000000000F07D\";//risposta a 9 registri\noutput_msg ={\"Nreg\":9,\"Reg1\":224.42,\"Reg2\":0,\"Reg3\":0,\"Reg4\":0,\"Reg5\":0,\"Reg6\":0,\"Reg7\":0,\"Reg8\":0,\"Reg9\":0}\nRichiesta come punto 2 schedulate dal miniGTW com AT+MSG1=\n3-row=\"MSG1:01042443606B170000000000000000000000000000000000000000000000000000000000000000F07D\";//risposta a 9 registri\noutput_msg={\"Nreg\":9,\"V1\":224.42,\"V2\":0,\"V3\":0,\"I1\":0,\"I2\":0,\"I3\":0,\"P1\":0,\"P2\":0,\"P3\":0}\n\nEsempio richiesta \n row=\"MSG1:01041842910EF40000000000000000000000000000000000000000AF37\";\n output_msg={\"Nreg\":3,\"V\":75.3922,\"I\":0.0954934,\"PA\":32.705}\n row=\"MSG2:010408000000003f80000029f1\"\n output_msg={\"Nreg\":2,\"PR\":-9.49258,\"PF\":0.960491}\n row=\"MSG3:0104083E74BC6A000000009067\";\n output_msg={\"Nreg\":2,\"TotEnA\":0.239,\"TotEnR\":0} \n \n \"MSG\": \"MSG1:01041842910EF40000000000000000000000000000000000000000AF37\"\n \"MSG\": \"MSG2:010408000000003f80000029f1\"\n \"MSG\": \"MSG3:0104083E74BC6A000000009067\"\n*/\n\n\n//Remapping dei messaggi MSGX\n//\"0\":Non usato\n//\"1\":V,I,P\n//\"2\":Va,Vr,PF\n//\"3\":Ea,Er\n//                 [\"0\",\"1\",\"2\",\"3\",\"4\",\"5\",\"6\",\"7\"];\nvar mapping_msg_id=[\"0\",\"1\",\"2\",\"3\",\"1\",\"2\",\"3\",\"3\"];\n\nvar row;//stringa in ingresso ed un json in uscita. row in ingresso e msg in usctita\n//msg.MSG=JSON.stringify(msg.MSG);\n//var monofase = 1;\nvar num_phase=metadata.shared_n_phase;\n//var test = {\"4C75256BF7E8_0010_01\": [{\"MSG\": \"MSG2:01042440F4E81C0000000000000000C0F4DFB300000000000000003F8000003F8000003F800000129E;,10,0010,-108;\"}]};\nvar output_msg=msg;//output\n//msg.MSG = JSON.stringify(msg.MSG);\n//var test = JSON.stringify(msg.MSG);\n\n//msg.MSG= msg.replace(/\\n|\\r/g, \"\");\n\nvar test=JSON.parse(JSON.stringify(msg), function(key, value){\nif (key==\"MSG\"){\n    myMSG = value;\nif (myMSG.startsWith(\"MSG\"))\n{\n  myMSG=myMSG.split(';');\n  myMSG=myMSG[0];\n  //console.log(myMSG);\n}\nelse{\nvar prova = myMSG.search(\"MSG\");\nvar prova1 = myMSG.search(\":\");\n//console.log(prova);\n if ((prova1-prova)==4) \n {\n \tmyMSG =myMSG.substr((prova1-prova+1),(myMSG.length-1));//Elimino ; stringa\n  //console.log(myMSG)\n }\n    myMSG=myMSG.split(';');\n    myMSG=myMSG[0];\n//console.log(myMSG);\n    }\n    }\n});\nmyMSG=myMSG + \";\";\n\n if (myMSG !== undefined){\n// if (msg.MSG !== undefined){\n// if (1){\n     \n/*var test=JSON.parse(msg.MSG, function(key, value){\nif (key==\"MSG\"){\n    myMSG = value;\n    myMSG = myMSG.split(';');\n    myMSG = myMSG[0];\n    }\n});\nmyMSG=myMSG + \";\";*/\nrow=myMSG;     \nrow = row.replace(/\\n|\\r/g, \"\");\n//     temp=msg.MSG.split(';');\n//     msg.MSG=temp[0]+\";\";//Nel caso vi fosse il pacchetto LoRa filtriamo i dati GA ADD  ed Rssi\n//     row=msg.MSG;\n\n//      row=msg.MSG+';';//bug da risolvere con lora che non mette il ; in coda\noutput_msg.MSG=row;\n//output_msg.debug=monofase;\n//output_msg={\"Nreg\":1,\"Reg1\":220.64}\nvar msg_id=checkGTWmsg_id(row);//Controllo della tipologia messaggio Master:Cloud/gtw\n\nmsg_id=mapping_msg_id[msg_id];\n\nvar float_reg_parsed=[];//vettore dei registri decodificati float \n// if (row !== undefined){\n GetRegParsed(row) ;  \n //JSON response\nswitch(msg_id) {\n  case \"0\"://json Registri generici\n    output_msg.V1=float_reg_parsed[0];//output_msg.Reg1=float_reg_parsed[0]; \n    output_msg.Reg2=float_reg_parsed[1]; output_msg.Reg3=float_reg_parsed[2];\n    output_msg.I1=float_reg_parsed[3];//output_msg.Reg4=float_reg_parsed[3]; \n    output_msg.Reg5=float_reg_parsed[4]; output_msg.Reg6=float_reg_parsed[5];\n    output_msg.P1=float_reg_parsed[6]; //output_msg.Reg7=float_reg_parsed[6];\n    output_msg.Reg8=float_reg_parsed[7]; output_msg.Reg9=float_reg_parsed[8];\n    \n//    output_msg=DecGTWmsg(row);  //decodifica embeddedd message\n    break;\n/*  case \"1\"://json Registri key V1,V2,V3,I1,I2,I3,P1,P2,P3\n    output_msg.V1=float_reg_parsed[0]; output_msg.V2=float_reg_parsed[1]; output_msg.V3=float_reg_parsed[2];//tensione sulle tre fasi\n    output_msg.I1=float_reg_parsed[3]; output_msg.I2=float_reg_parsed[4]; output_msg.I3=float_reg_parsed[5];//Corrente sulle tre fasi\n    output_msg.P1=float_reg_parsed[6]; output_msg.P2=float_reg_parsed[7]; output_msg.P3=float_reg_parsed[8];//Potenza sulle tre fasi\n    break;*/\n  case \"1\":\n  if (num_phase == 1)\n  { \n    //json Registri key V,I,P\n    output_msg.V=float_reg_parsed[0]; //tensione \n    output_msg.I=float_reg_parsed[3]; //Corrente \n    output_msg.P=float_reg_parsed[6]; //Potenza Attiva \n  }\n  else if (num_phase == 3)\n  { \n    //json Registri key V1,V2,V3,I1,I2,I3,P1,P2,P3\n    output_msg.V1=float_reg_parsed[0]; output_msg.V2=float_reg_parsed[1]; output_msg.V3=float_reg_parsed[2];//tensione sulle tre fasi\n    output_msg.I1=float_reg_parsed[3]; output_msg.I2=float_reg_parsed[4]; output_msg.I3=float_reg_parsed[5];//Corrente sulle tre fasi\n    output_msg.P1=float_reg_parsed[6]; output_msg.P2=float_reg_parsed[7]; output_msg.P3=float_reg_parsed[8];//Potenza Attiva sulle tre fasi\n    output_msg.Ptot=Math.abs(output_msg.P1)+Math.abs(output_msg.P2)+Math.abs(output_msg.P3);\n  }\n  else if (num_phase == 'Selleri') //per Selleri\n  { //json Registri key V,I,PA\n    //Selleri\n    output_msg.V=float_reg_parsed[0]; output_msg.I=float_reg_parsed[2]; output_msg.PA=float_reg_parsed[5];//tensione e corrente media sulle tre fasi, Potenza Attiva\n  }\n    break;\n  case \"2\":\n  if (num_phase == 1)\n  {\n    //json Registri key VA,VAr,PF\n    output_msg.VA=float_reg_parsed[0]; //Potenza Apparente \n    output_msg.VAr=float_reg_parsed[3]; //Potenza Reattiva  \n    output_msg.PF=float_reg_parsed[6]; //Power Factor \n  }\n  else if (num_phase == 3)\n  {\n    //json Registri key VA1,VA2,VA3,VAr1,VAr2,VAr3,PF1,PF2,PF3\n    output_msg.VA1=float_reg_parsed[0]; output_msg.VA2=float_reg_parsed[1]; output_msg.VA3=float_reg_parsed[2];//Potenza Apparente sulle tre fasi\n    output_msg.VAr1=float_reg_parsed[3]; output_msg.VAr2=float_reg_parsed[4]; output_msg.VAr3=float_reg_parsed[5];//Potenza Reattiva  sulle tre fasi\n    output_msg.PF1=float_reg_parsed[6]; output_msg.PF2=float_reg_parsed[7]; output_msg.PF3=float_reg_parsed[8];//Power Factor sulle tre fasi\n  }\n  else if (num_phase == 'Selleri') //Selleri\n  {\n    //json Registri key PR,PF\n    //Selleri\n    output_msg.PR=float_reg_parsed[0]; output_msg.PF=float_reg_parsed[1];// Potenza Reattiva, PowerFactor\n  }\n    break;\n  case \"3\"://json Registri key TotEnA,TotEnR\n    output_msg.TotEnA=float_reg_parsed[0]; output_msg.TotEnR=float_reg_parsed[1];//energia attiva totale, energia reattiva 